block,occupancy_idx,path_idx,phase_idx,label,occupancy_seed,hole_path_seed,phase_batch_seed,occupancy_hash,path_hash,run_id,config_hash
confirmation,0,0,0,static_only,221001,0,421001,fedb8539feb9341c,6bd46ec6505eab22,confirmation_occ000_path00_phase00_static_only,90af02170d880284
confirmation,0,0,0,mobile_plus_spin_density,221001,321001,421001,fedb8539feb9341c,ed8e2b3e9247c45f,confirmation_occ000_path00_phase00_mobile_plus_spin_density,90af02170d880284
confirmation,0,0,1,static_only,221001,0,421002,fedb8539feb9341c,6bd46ec6505eab22,confirmation_occ000_path00_phase01_static_only,90af02170d880284
confirmation,0,0,1,mobile_plus_spin_density,221001,321001,421002,fedb8539feb9341c,ed8e2b3e9247c45f,confirmation_occ000_path00_phase01_mobile_plus_spin_density,90af02170d880284
confirmation,0,0,2,static_only,221001,0,421003,fedb8539feb9341c,6bd46ec6505eab22,confirmation_occ000_path00_phase02_static_only,90af02170d880284
confirmation,0,0,2,mobile_plus_spin_density,221001,321001,421003,fedb8539feb9341c,ed8e2b3e9247c45f,confirmation_occ000_path00_phase02_mobile_plus_spin_density,90af02170d880284
confirmation,0,0,3,static_only,221001,0,421004,fedb8539feb9341c,6bd46ec6505eab22,confirmation_occ000_path00_phase03_static_only,90af02170d880284
confirmation,0,0,3,mobile_plus_spin_density,221001,321001,421004,fedb8539feb9341c,ed8e2b3e9247c45f,confirmation_occ000_path00_phase03_mobile_plus_spin_density,90af02170d880284
confirmation,0,1,0,static_only,221001,0,422001,fedb8539feb9341c,6bd46ec6505eab22,confirmation_occ000_path01_phase00_static_only,90af02170d880284
confirmation,0,1,0,mobile_plus_spin_density,221001,321002,422001,fedb8539feb9341c,02b6dc2ffa8cdfc8,confirmation_occ000_path01_phase00_mobile_plus_spin_density,90af02170d880284
confirmation,0,1,1,static_only,221001,0,422002,fedb8539feb9341c,6bd46ec6505eab22,confirmation_occ000_path01_phase01_static_only,90af02170d880284
confirmation,0,1,1,mobile_plus_spin_density,221001,321002,422002,fedb8539feb9341c,02b6dc2ffa8cdfc8,confirmation_occ000_path01_phase01_mobile_plus_spin_density,90af02170d880284
confirmation,0,1,2,static_only,221001,0,422003,fedb8539feb9341c,6bd46ec6505eab22,confirmation_occ000_path01_phase02_static_only,90af02170d880284
confirmation,0,1,2,mobile_plus_spin_density,221001,321002,422003,fedb8539feb9341c,02b6dc2ffa8cdfc8,confirmation_occ000_path01_phase02_mobile_plus_spin_density,90af02170d880284
confirmation,0,1,3,static_only,221001,0,422004,fedb8539feb9341c,6bd46ec6505eab22,confirmation_occ000_path01_phase03_static_only,90af02170d880284
confirmation,0,1,3,mobile_plus_spin_density,221001,321002,422004,fedb8539feb9341c,02b6dc2ffa8cdfc8,confirmation_occ000_path01_phase03_mobile_plus_spin_density,90af02170d880284
confirmation,0,2,0,static_only,221001,0,423001,fedb8539feb9341c,6bd46ec6505eab22,confirmation_occ000_path02_phase00_static_only,90af02170d880284
confirmation,0,2,0,mobile_plus_spin_density,221001,321003,423001,fedb8539feb9341c,97e701713f84d633,confirmation_occ000_path02_phase00_mobile_plus_spin_density,90af02170d880284
confirmation,0,2,1,static_only,221001,0,423002,fedb8539feb9341c,6bd46ec6505eab22,confirmation_occ000_path02_phase01_static_only,90af02170d880284
confirmation,0,2,1,mobile_plus_spin_density,221001,321003,423002,fedb8539feb9341c,97e701713f84d633,confirmation_occ000_path02_phase01_mobile_plus_spin_density,90af02170d880284
confirmation,0,2,2,static_only,221001,0,423003,fedb8539feb9341c,6bd46ec6505eab22,confirmation_occ000_path02_phase02_static_only,90af02170d880284
confirmation,0,2,2,mobile_plus_spin_density,221001,321003,423003,fedb8539feb9341c,97e701713f84d633,confirmation_occ000_path02_phase02_mobile_plus_spin_density,90af02170d880284
confirmation,0,2,3,static_only,221001,0,423004,fedb8539feb9341c,6bd46ec6505eab22,confirmation_occ000_path02_phase03_static_only,90af02170d880284
confirmation,0,2,3,mobile_plus_spin_density,221001,321003,423004,fedb8539feb9341c,97e701713f84d633,confirmation_occ000_path02_phase03_mobile_plus_spin_density,90af02170d880284
confirmation,0,3,0,static_only,221001,0,424001,fedb8539feb9341c,6bd46ec6505eab22,confirmation_occ000_path03_phase00_static_only,90af02170d880284
confirmation,0,3,0,mobile_plus_spin_density,221001,321004,424001,fedb8539feb9341c,73e1a42f0c1dec15,confirmation_occ000_path03_phase00_mobile_plus_spin_density,90af02170d880284
confirmation,0,3,1,static_only,221001,0,424002,fedb8539feb9341c,6bd46ec6505eab22,confirmation_occ000_path03_phase01_static_only,90af02170d880284
confirmation,0,3,1,mobile_plus_spin_density,221001,321004,424002,fedb8539feb9341c,73e1a42f0c1dec15,confirmation_occ000_path03_phase01_mobile_plus_spin_density,90af02170d880284
confirmation,0,3,2,static_only,221001,0,424003,fedb8539feb9341c,6bd46ec6505eab22,confirmation_occ000_path03_phase02_static_only,90af02170d880284
confirmation,0,3,2,mobile_plus_spin_density,221001,321004,424003,fedb8539feb9341c,73e1a42f0c1dec15,confirmation_occ000_path03_phase02_mobile_plus_spin_density,90af02170d880284
confirmation,0,3,3,static_only,221001,0,424004,fedb8539feb9341c,6bd46ec6505eab22,confirmation_occ000_path03_phase03_static_only,90af02170d880284
confirmation,0,3,3,mobile_plus_spin_density,221001,321004,424004,fedb8539feb9341c,73e1a42f0c1dec15,confirmation_occ000_path03_phase03_mobile_plus_spin_density,90af02170d880284
confirmation,1,0,0,static_only,221002,0,521001,9ce740c4fccfaf36,923c09bbeb73acc9,confirmation_occ001_path00_phase00_static_only,90af02170d880284
confirmation,1,0,0,mobile_plus_spin_density,221002,322001,521001,9ce740c4fccfaf36,39161b47f52deceb,confirmation_occ001_path00_phase00_mobile_plus_spin_density,90af02170d880284
confirmation,1,0,1,static_only,221002,0,521002,9ce740c4fccfaf36,923c09bbeb73acc9,confirmation_occ001_path00_phase01_static_only,90af02170d880284
confirmation,1,0,1,mobile_plus_spin_density,221002,322001,521002,9ce740c4fccfaf36,39161b47f52deceb,confirmation_occ001_path00_phase01_mobile_plus_spin_density,90af02170d880284
confirmation,1,0,2,static_only,221002,0,521003,9ce740c4fccfaf36,923c09bbeb73acc9,confirmation_occ001_path00_phase02_static_only,90af02170d880284
confirmation,1,0,2,mobile_plus_spin_density,221002,322001,521003,9ce740c4fccfaf36,39161b47f52deceb,confirmation_occ001_path00_phase02_mobile_plus_spin_density,90af02170d880284
confirmation,1,0,3,static_only,221002,0,521004,9ce740c4fccfaf36,923c09bbeb73acc9,confirmation_occ001_path00_phase03_static_only,90af02170d880284
confirmation,1,0,3,mobile_plus_spin_density,221002,322001,521004,9ce740c4fccfaf36,39161b47f52deceb,confirmation_occ001_path00_phase03_mobile_plus_spin_density,90af02170d880284
confirmation,1,1,0,static_only,221002,0,522001,9ce740c4fccfaf36,923c09bbeb73acc9,confirmation_occ001_path01_phase00_static_only,90af02170d880284
confirmation,1,1,0,mobile_plus_spin_density,221002,322002,522001,9ce740c4fccfaf36,306866f354f1e842,confirmation_occ001_path01_phase00_mobile_plus_spin_density,90af02170d880284
confirmation,1,1,1,static_only,221002,0,522002,9ce740c4fccfaf36,923c09bbeb73acc9,confirmation_occ001_path01_phase01_static_only,90af02170d880284
confirmation,1,1,1,mobile_plus_spin_density,221002,322002,522002,9ce740c4fccfaf36,306866f354f1e842,confirmation_occ001_path01_phase01_mobile_plus_spin_density,90af02170d880284
confirmation,1,1,2,static_only,221002,0,522003,9ce740c4fccfaf36,923c09bbeb73acc9,confirmation_occ001_path01_phase02_static_only,90af02170d880284
confirmation,1,1,2,mobile_plus_spin_density,221002,322002,522003,9ce740c4fccfaf36,306866f354f1e842,confirmation_occ001_path01_phase02_mobile_plus_spin_density,90af02170d880284
confirmation,1,1,3,static_only,221002,0,522004,9ce740c4fccfaf36,923c09bbeb73acc9,confirmation_occ001_path01_phase03_static_only,90af02170d880284
confirmation,1,1,3,mobile_plus_spin_density,221002,322002,522004,9ce740c4fccfaf36,306866f354f1e842,confirmation_occ001_path01_phase03_mobile_plus_spin_density,90af02170d880284
confirmation,1,2,0,static_only,221002,0,523001,9ce740c4fccfaf36,923c09bbeb73acc9,confirmation_occ001_path02_phase00_static_only,90af02170d880284
confirmation,1,2,0,mobile_plus_spin_density,221002,322003,523001,9ce740c4fccfaf36,32d2e41c139621bb,confirmation_occ001_path02_phase00_mobile_plus_spin_density,90af02170d880284
confirmation,1,2,1,static_only,221002,0,523002,9ce740c4fccfaf36,923c09bbeb73acc9,confirmation_occ001_path02_phase01_static_only,90af02170d880284
confirmation,1,2,1,mobile_plus_spin_density,221002,322003,523002,9ce740c4fccfaf36,32d2e41c139621bb,confirmation_occ001_path02_phase01_mobile_plus_spin_density,90af02170d880284
confirmation,1,2,2,static_only,221002,0,523003,9ce740c4fccfaf36,923c09bbeb73acc9,confirmation_occ001_path02_phase02_static_only,90af02170d880284
confirmation,1,2,2,mobile_plus_spin_density,221002,322003,523003,9ce740c4fccfaf36,32d2e41c139621bb,confirmation_occ001_path02_phase02_mobile_plus_spin_density,90af02170d880284
confirmation,1,2,3,static_only,221002,0,523004,9ce740c4fccfaf36,923c09bbeb73acc9,confirmation_occ001_path02_phase03_static_only,90af02170d880284
confirmation,1,2,3,mobile_plus_spin_density,221002,322003,523004,9ce740c4fccfaf36,32d2e41c139621bb,confirmation_occ001_path02_phase03_mobile_plus_spin_density,90af02170d880284
confirmation,1,3,0,static_only,221002,0,524001,9ce740c4fccfaf36,923c09bbeb73acc9,confirmation_occ001_path03_phase00_static_only,90af02170d880284
confirmation,1,3,0,mobile_plus_spin_density,221002,322004,524001,9ce740c4fccfaf36,4f0eca5aa8a068e8,confirmation_occ001_path03_phase00_mobile_plus_spin_density,90af02170d880284
confirmation,1,3,1,static_only,221002,0,524002,9ce740c4fccfaf36,923c09bbeb73acc9,confirmation_occ001_path03_phase01_static_only,90af02170d880284
confirmation,1,3,1,mobile_plus_spin_density,221002,322004,524002,9ce740c4fccfaf36,4f0eca5aa8a068e8,confirmation_occ001_path03_phase01_mobile_plus_spin_density,90af02170d880284
confirmation,1,3,2,static_only,221002,0,524003,9ce740c4fccfaf36,923c09bbeb73acc9,confirmation_occ001_path03_phase02_static_only,90af02170d880284
confirmation,1,3,2,mobile_plus_spin_density,221002,322004,524003,9ce740c4fccfaf36,4f0eca5aa8a068e8,confirmation_occ001_path03_phase02_mobile_plus_spin_density,90af02170d880284
confirmation,1,3,3,static_only,221002,0,524004,9ce740c4fccfaf36,923c09bbeb73acc9,confirmation_occ001_path03_phase03_static_only,90af02170d880284
confirmation,1,3,3,mobile_plus_spin_density,221002,322004,524004,9ce740c4fccfaf36,4f0eca5aa8a068e8,confirmation_occ001_path03_phase03_mobile_plus_spin_density,90af02170d880284
confirmation,2,0,0,static_only,221003,0,621001,8c79803ac1513d81,4ab12fcdacdfd502,confirmation_occ002_path00_phase00_static_only,90af02170d880284
confirmation,2,0,0,mobile_plus_spin_density,221003,323001,621001,8c79803ac1513d81,8235330cdd5259fb,confirmation_occ002_path00_phase00_mobile_plus_spin_density,90af02170d880284
confirmation,2,0,1,static_only,221003,0,621002,8c79803ac1513d81,4ab12fcdacdfd502,confirmation_occ002_path00_phase01_static_only,90af02170d880284
confirmation,2,0,1,mobile_plus_spin_density,221003,323001,621002,8c79803ac1513d81,8235330cdd5259fb,confirmation_occ002_path00_phase01_mobile_plus_spin_density,90af02170d880284
confirmation,2,0,2,static_only,221003,0,621003,8c79803ac1513d81,4ab12fcdacdfd502,confirmation_occ002_path00_phase02_static_only,90af02170d880284
confirmation,2,0,2,mobile_plus_spin_density,221003,323001,621003,8c79803ac1513d81,8235330cdd5259fb,confirmation_occ002_path00_phase02_mobile_plus_spin_density,90af02170d880284
confirmation,2,0,3,static_only,221003,0,621004,8c79803ac1513d81,4ab12fcdacdfd502,confirmation_occ002_path00_phase03_static_only,90af02170d880284
confirmation,2,0,3,mobile_plus_spin_density,221003,323001,621004,8c79803ac1513d81,8235330cdd5259fb,confirmation_occ002_path00_phase03_mobile_plus_spin_density,90af02170d880284
confirmation,2,1,0,static_only,221003,0,622001,8c79803ac1513d81,4ab12fcdacdfd502,confirmation_occ002_path01_phase00_static_only,90af02170d880284
confirmation,2,1,0,mobile_plus_spin_density,221003,323002,622001,8c79803ac1513d81,f0c41f0711e39685,confirmation_occ002_path01_phase00_mobile_plus_spin_density,90af02170d880284
confirmation,2,1,1,static_only,221003,0,622002,8c79803ac1513d81,4ab12fcdacdfd502,confirmation_occ002_path01_phase01_static_only,90af02170d880284
confirmation,2,1,1,mobile_plus_spin_density,221003,323002,622002,8c79803ac1513d81,f0c41f0711e39685,confirmation_occ002_path01_phase01_mobile_plus_spin_density,90af02170d880284
confirmation,2,1,2,static_only,221003,0,622003,8c79803ac1513d81,4ab12fcdacdfd502,confirmation_occ002_path01_phase02_static_only,90af02170d880284
confirmation,2,1,2,mobile_plus_spin_density,221003,323002,622003,8c79803ac1513d81,f0c41f0711e39685,confirmation_occ002_path01_phase02_mobile_plus_spin_density,90af02170d880284
confirmation,2,1,3,static_only,221003,0,622004,8c79803ac1513d81,4ab12fcdacdfd502,confirmation_occ002_path01_phase03_static_only,90af02170d880284
confirmation,2,1,3,mobile_plus_spin_density,221003,323002,622004,8c79803ac1513d81,f0c41f0711e39685,confirmation_occ002_path01_phase03_mobile_plus_spin_density,90af02170d880284
confirmation,2,2,0,static_only,221003,0,623001,8c79803ac1513d81,4ab12fcdacdfd502,confirmation_occ002_path02_phase00_static_only,90af02170d880284
confirmation,2,2,0,mobile_plus_spin_density,221003,323003,623001,8c79803ac1513d81,6373a18372018f3a,confirmation_occ002_path02_phase00_mobile_plus_spin_density,90af02170d880284
confirmation,2,2,1,static_only,221003,0,623002,8c79803ac1513d81,4ab12fcdacdfd502,confirmation_occ002_path02_phase01_static_only,90af02170d880284
confirmation,2,2,1,mobile_plus_spin_density,221003,323003,623002,8c79803ac1513d81,6373a18372018f3a,confirmation_occ002_path02_phase01_mobile_plus_spin_density,90af02170d880284
confirmation,2,2,2,static_only,221003,0,623003,8c79803ac1513d81,4ab12fcdacdfd502,confirmation_occ002_path02_phase02_static_only,90af02170d880284
confirmation,2,2,2,mobile_plus_spin_density,221003,323003,623003,8c79803ac1513d81,6373a18372018f3a,confirmation_occ002_path02_phase02_mobile_plus_spin_density,90af02170d880284
confirmation,2,2,3,static_only,221003,0,623004,8c79803ac1513d81,4ab12fcdacdfd502,confirmation_occ002_path02_phase03_static_only,90af02170d880284
confirmation,2,2,3,mobile_plus_spin_density,221003,323003,623004,8c79803ac1513d81,6373a18372018f3a,confirmation_occ002_path02_phase03_mobile_plus_spin_density,90af02170d880284
confirmation,2,3,0,static_only,221003,0,624001,8c79803ac1513d81,4ab12fcdacdfd502,confirmation_occ002_path03_phase00_static_only,90af02170d880284
confirmation,2,3,0,mobile_plus_spin_density,221003,323004,624001,8c79803ac1513d81,e006fb1ef76a0dd3,confirmation_occ002_path03_phase00_mobile_plus_spin_density,90af02170d880284
confirmation,2,3,1,static_only,221003,0,624002,8c79803ac1513d81,4ab12fcdacdfd502,confirmation_occ002_path03_phase01_static_only,90af02170d880284
confirmation,2,3,1,mobile_plus_spin_density,221003,323004,624002,8c79803ac1513d81,e006fb1ef76a0dd3,confirmation_occ002_path03_phase01_mobile_plus_spin_density,90af02170d880284
confirmation,2,3,2,static_only,221003,0,624003,8c79803ac1513d81,4ab12fcdacdfd502,confirmation_occ002_path03_phase02_static_only,90af02170d880284
confirmation,2,3,2,mobile_plus_spin_density,221003,323004,624003,8c79803ac1513d81,e006fb1ef76a0dd3,confirmation_occ002_path03_phase02_mobile_plus_spin_density,90af02170d880284
confirmation,2,3,3,static_only,221003,0,624004,8c79803ac1513d81,4ab12fcdacdfd502,confirmation_occ002_path03_phase03_static_only,90af02170d880284
confirmation,2,3,3,mobile_plus_spin_density,221003,323004,624004,8c79803ac1513d81,e006fb1ef76a0dd3,confirmation_occ002_path03_phase03_mobile_plus_spin_density,90af02170d880284
confirmation,3,0,0,static_only,221004,0,721001,24a8a5d60166062d,119453dbc27fd326,confirmation_occ003_path00_phase00_static_only,90af02170d880284
confirmation,3,0,0,mobile_plus_spin_density,221004,324001,721001,24a8a5d60166062d,2eb8770f830516e5,confirmation_occ003_path00_phase00_mobile_plus_spin_density,90af02170d880284
confirmation,3,0,1,static_only,221004,0,721002,24a8a5d60166062d,119453dbc27fd326,confirmation_occ003_path00_phase01_static_only,90af02170d880284
confirmation,3,0,1,mobile_plus_spin_density,221004,324001,721002,24a8a5d60166062d,2eb8770f830516e5,confirmation_occ003_path00_phase01_mobile_plus_spin_density,90af02170d880284
confirmation,3,0,2,static_only,221004,0,721003,24a8a5d60166062d,119453dbc27fd326,confirmation_occ003_path00_phase02_static_only,90af02170d880284
confirmation,3,0,2,mobile_plus_spin_density,221004,324001,721003,24a8a5d60166062d,2eb8770f830516e5,confirmation_occ003_path00_phase02_mobile_plus_spin_density,90af02170d880284
confirmation,3,0,3,static_only,221004,0,721004,24a8a5d60166062d,119453dbc27fd326,confirmation_occ003_path00_phase03_static_only,90af02170d880284
confirmation,3,0,3,mobile_plus_spin_density,221004,324001,721004,24a8a5d60166062d,2eb8770f830516e5,confirmation_occ003_path00_phase03_mobile_plus_spin_density,90af02170d880284
confirmation,3,1,0,static_only,221004,0,722001,24a8a5d60166062d,119453dbc27fd326,confirmation_occ003_path01_phase00_static_only,90af02170d880284
confirmation,3,1,0,mobile_plus_spin_density,221004,324002,722001,24a8a5d60166062d,a8461adbde582a41,confirmation_occ003_path01_phase00_mobile_plus_spin_density,90af02170d880284
confirmation,3,1,1,static_only,221004,0,722002,24a8a5d60166062d,119453dbc27fd326,confirmation_occ003_path01_phase01_static_only,90af02170d880284
confirmation,3,1,1,mobile_plus_spin_density,221004,324002,722002,24a8a5d60166062d,a8461adbde582a41,confirmation_occ003_path01_phase01_mobile_plus_spin_density,90af02170d880284
confirmation,3,1,2,static_only,221004,0,722003,24a8a5d60166062d,119453dbc27fd326,confirmation_occ003_path01_phase02_static_only,90af02170d880284
confirmation,3,1,2,mobile_plus_spin_density,221004,324002,722003,24a8a5d60166062d,a8461adbde582a41,confirmation_occ003_path01_phase02_mobile_plus_spin_density,90af02170d880284
confirmation,3,1,3,static_only,221004,0,722004,24a8a5d60166062d,119453dbc27fd326,confirmation_occ003_path01_phase03_static_only,90af02170d880284
confirmation,3,1,3,mobile_plus_spin_density,221004,324002,722004,24a8a5d60166062d,a8461adbde582a41,confirmation_occ003_path01_phase03_mobile_plus_spin_density,90af02170d880284
confirmation,3,2,0,static_only,221004,0,723001,24a8a5d60166062d,119453dbc27fd326,confirmation_occ003_path02_phase00_static_only,90af02170d880284
confirmation,3,2,0,mobile_plus_spin_density,221004,324003,723001,24a8a5d60166062d,bc8a232edba4a810,confirmation_occ003_path02_phase00_mobile_plus_spin_density,90af02170d880284
confirmation,3,2,1,static_only,221004,0,723002,24a8a5d60166062d,119453dbc27fd326,confirmation_occ003_path02_phase01_static_only,90af02170d880284
confirmation,3,2,1,mobile_plus_spin_density,221004,324003,723002,24a8a5d60166062d,bc8a232edba4a810,confirmation_occ003_path02_phase01_mobile_plus_spin_density,90af02170d880284
confirmation,3,2,2,static_only,221004,0,723003,24a8a5d60166062d,119453dbc27fd326,confirmation_occ003_path02_phase02_static_only,90af02170d880284
confirmation,3,2,2,mobile_plus_spin_density,221004,324003,723003,24a8a5d60166062d,bc8a232edba4a810,confirmation_occ003_path02_phase02_mobile_plus_spin_density,90af02170d880284
confirmation,3,2,3,static_only,221004,0,723004,24a8a5d60166062d,119453dbc27fd326,confirmation_occ003_path02_phase03_static_only,90af02170d880284
confirmation,3,2,3,mobile_plus_spin_density,221004,324003,723004,24a8a5d60166062d,bc8a232edba4a810,confirmation_occ003_path02_phase03_mobile_plus_spin_density,90af02170d880284
confirmation,3,3,0,static_only,221004,0,724001,24a8a5d60166062d,119453dbc27fd326,confirmation_occ003_path03_phase00_static_only,90af02170d880284
confirmation,3,3,0,mobile_plus_spin_density,221004,324004,724001,24a8a5d60166062d,bb90bf94bdabb357,confirmation_occ003_path03_phase00_mobile_plus_spin_density,90af02170d880284
confirmation,3,3,1,static_only,221004,0,724002,24a8a5d60166062d,119453dbc27fd326,confirmation_occ003_path03_phase01_static_only,90af02170d880284
confirmation,3,3,1,mobile_plus_spin_density,221004,324004,724002,24a8a5d60166062d,bb90bf94bdabb357,confirmation_occ003_path03_phase01_mobile_plus_spin_density,90af02170d880284
confirmation,3,3,2,static_only,221004,0,724003,24a8a5d60166062d,119453dbc27fd326,confirmation_occ003_path03_phase02_static_only,90af02170d880284
confirmation,3,3,2,mobile_plus_spin_density,221004,324004,724003,24a8a5d60166062d,bb90bf94bdabb357,confirmation_occ003_path03_phase02_mobile_plus_spin_density,90af02170d880284
confirmation,3,3,3,static_only,221004,0,724004,24a8a5d60166062d,119453dbc27fd326,confirmation_occ003_path03_phase03_static_only,90af02170d880284
confirmation,3,3,3,mobile_plus_spin_density,221004,324004,724004,24a8a5d60166062d,bb90bf94bdabb357,confirmation_occ003_path03_phase03_mobile_plus_spin_density,90af02170d880284
confirmation,4,0,0,static_only,221005,0,821001,a6a7a0a42e618f3a,9d901330b7aab6d4,confirmation_occ004_path00_phase00_static_only,90af02170d880284
confirmation,4,0,0,mobile_plus_spin_density,221005,325001,821001,a6a7a0a42e618f3a,7f33654a65584ee2,confirmation_occ004_path00_phase00_mobile_plus_spin_density,90af02170d880284
confirmation,4,0,1,static_only,221005,0,821002,a6a7a0a42e618f3a,9d901330b7aab6d4,confirmation_occ004_path00_phase01_static_only,90af02170d880284
confirmation,4,0,1,mobile_plus_spin_density,221005,325001,821002,a6a7a0a42e618f3a,7f33654a65584ee2,confirmation_occ004_path00_phase01_mobile_plus_spin_density,90af02170d880284
confirmation,4,0,2,static_only,221005,0,821003,a6a7a0a42e618f3a,9d901330b7aab6d4,confirmation_occ004_path00_phase02_static_only,90af02170d880284
confirmation,4,0,2,mobile_plus_spin_density,221005,325001,821003,a6a7a0a42e618f3a,7f33654a65584ee2,confirmation_occ004_path00_phase02_mobile_plus_spin_density,90af02170d880284
confirmation,4,0,3,static_only,221005,0,821004,a6a7a0a42e618f3a,9d901330b7aab6d4,confirmation_occ004_path00_phase03_static_only,90af02170d880284
confirmation,4,0,3,mobile_plus_spin_density,221005,325001,821004,a6a7a0a42e618f3a,7f33654a65584ee2,confirmation_occ004_path00_phase03_mobile_plus_spin_density,90af02170d880284
confirmation,4,1,0,static_only,221005,0,822001,a6a7a0a42e618f3a,9d901330b7aab6d4,confirmation_occ004_path01_phase00_static_only,90af02170d880284
confirmation,4,1,0,mobile_plus_spin_density,221005,325002,822001,a6a7a0a42e618f3a,204b6b92deaa61ba,confirmation_occ004_path01_phase00_mobile_plus_spin_density,90af02170d880284
confirmation,4,1,1,static_only,221005,0,822002,a6a7a0a42e618f3a,9d901330b7aab6d4,confirmation_occ004_path01_phase01_static_only,90af02170d880284
confirmation,4,1,1,mobile_plus_spin_density,221005,325002,822002,a6a7a0a42e618f3a,204b6b92deaa61ba,confirmation_occ004_path01_phase01_mobile_plus_spin_density,90af02170d880284
confirmation,4,1,2,static_only,221005,0,822003,a6a7a0a42e618f3a,9d901330b7aab6d4,confirmation_occ004_path01_phase02_static_only,90af02170d880284
confirmation,4,1,2,mobile_plus_spin_density,221005,325002,822003,a6a7a0a42e618f3a,204b6b92deaa61ba,confirmation_occ004_path01_phase02_mobile_plus_spin_density,90af02170d880284
confirmation,4,1,3,static_only,221005,0,822004,a6a7a0a42e618f3a,9d901330b7aab6d4,confirmation_occ004_path01_phase03_static_only,90af02170d880284
confirmation,4,1,3,mobile_plus_spin_density,221005,325002,822004,a6a7a0a42e618f3a,204b6b92deaa61ba,confirmation_occ004_path01_phase03_mobile_plus_spin_density,90af02170d880284
confirmation,4,2,0,static_only,221005,0,823001,a6a7a0a42e618f3a,9d901330b7aab6d4,confirmation_occ004_path02_phase00_static_only,90af02170d880284
confirmation,4,2,0,mobile_plus_spin_density,221005,325003,823001,a6a7a0a42e618f3a,fb184ef6ba2d4716,confirmation_occ004_path02_phase00_mobile_plus_spin_density,90af02170d880284
confirmation,4,2,1,static_only,221005,0,823002,a6a7a0a42e618f3a,9d901330b7aab6d4,confirmation_occ004_path02_phase01_static_only,90af02170d880284
confirmation,4,2,1,mobile_plus_spin_density,221005,325003,823002,a6a7a0a42e618f3a,fb184ef6ba2d4716,confirmation_occ004_path02_phase01_mobile_plus_spin_density,90af02170d880284
confirmation,4,2,2,static_only,221005,0,823003,a6a7a0a42e618f3a,9d901330b7aab6d4,confirmation_occ004_path02_phase02_static_only,90af02170d880284
confirmation,4,2,2,mobile_plus_spin_density,221005,325003,823003,a6a7a0a42e618f3a,fb184ef6ba2d4716,confirmation_occ004_path02_phase02_mobile_plus_spin_density,90af02170d880284
confirmation,4,2,3,static_only,221005,0,823004,a6a7a0a42e618f3a,9d901330b7aab6d4,confirmation_occ004_path02_phase03_static_only,90af02170d880284
confirmation,4,2,3,mobile_plus_spin_density,221005,325003,823004,a6a7a0a42e618f3a,fb184ef6ba2d4716,confirmation_occ004_path02_phase03_mobile_plus_spin_density,90af02170d880284
confirmation,4,3,0,static_only,221005,0,824001,a6a7a0a42e618f3a,9d901330b7aab6d4,confirmation_occ004_path03_phase00_static_only,90af02170d880284
confirmation,4,3,0,mobile_plus_spin_density,221005,325004,824001,a6a7a0a42e618f3a,4ffb5884c0c81096,confirmation_occ004_path03_phase00_mobile_plus_spin_density,90af02170d880284
confirmation,4,3,1,static_only,221005,0,824002,a6a7a0a42e618f3a,9d901330b7aab6d4,confirmation_occ004_path03_phase01_static_only,90af02170d880284
confirmation,4,3,1,mobile_plus_spin_density,221005,325004,824002,a6a7a0a42e618f3a,4ffb5884c0c81096,confirmation_occ004_path03_phase01_mobile_plus_spin_density,90af02170d880284
confirmation,4,3,2,static_only,221005,0,824003,a6a7a0a42e618f3a,9d901330b7aab6d4,confirmation_occ004_path03_phase02_static_only,90af02170d880284
confirmation,4,3,2,mobile_plus_spin_density,221005,325004,824003,a6a7a0a42e618f3a,4ffb5884c0c81096,confirmation_occ004_path03_phase02_mobile_plus_spin_density,90af02170d880284
confirmation,4,3,3,static_only,221005,0,824004,a6a7a0a42e618f3a,9d901330b7aab6d4,confirmation_occ004_path03_phase03_static_only,90af02170d880284
confirmation,4,3,3,mobile_plus_spin_density,221005,325004,824004,a6a7a0a42e618f3a,4ffb5884c0c81096,confirmation_occ004_path03_phase03_mobile_plus_spin_density,90af02170d880284
confirmation,5,0,0,static_only,221006,0,921001,97c0f99961733de4,5f0a0c397e9824cb,confirmation_occ005_path00_phase00_static_only,90af02170d880284
confirmation,5,0,0,mobile_plus_spin_density,221006,326001,921001,97c0f99961733de4,97505fe1e0e8552a,confirmation_occ005_path00_phase00_mobile_plus_spin_density,90af02170d880284
confirmation,5,0,1,static_only,221006,0,921002,97c0f99961733de4,5f0a0c397e9824cb,confirmation_occ005_path00_phase01_static_only,90af02170d880284
confirmation,5,0,1,mobile_plus_spin_density,221006,326001,921002,97c0f99961733de4,97505fe1e0e8552a,confirmation_occ005_path00_phase01_mobile_plus_spin_density,90af02170d880284
confirmation,5,0,2,static_only,221006,0,921003,97c0f99961733de4,5f0a0c397e9824cb,confirmation_occ005_path00_phase02_static_only,90af02170d880284
confirmation,5,0,2,mobile_plus_spin_density,221006,326001,921003,97c0f99961733de4,97505fe1e0e8552a,confirmation_occ005_path00_phase02_mobile_plus_spin_density,90af02170d880284
confirmation,5,0,3,static_only,221006,0,921004,97c0f99961733de4,5f0a0c397e9824cb,confirmation_occ005_path00_phase03_static_only,90af02170d880284
confirmation,5,0,3,mobile_plus_spin_density,221006,326001,921004,97c0f99961733de4,97505fe1e0e8552a,confirmation_occ005_path00_phase03_mobile_plus_spin_density,90af02170d880284
confirmation,5,1,0,static_only,221006,0,922001,97c0f99961733de4,5f0a0c397e9824cb,confirmation_occ005_path01_phase00_static_only,90af02170d880284
confirmation,5,1,0,mobile_plus_spin_density,221006,326002,922001,97c0f99961733de4,ff4dd6fc6d79d2e5,confirmation_occ005_path01_phase00_mobile_plus_spin_density,90af02170d880284
confirmation,5,1,1,static_only,221006,0,922002,97c0f99961733de4,5f0a0c397e9824cb,confirmation_occ005_path01_phase01_static_only,90af02170d880284
confirmation,5,1,1,mobile_plus_spin_density,221006,326002,922002,97c0f99961733de4,ff4dd6fc6d79d2e5,confirmation_occ005_path01_phase01_mobile_plus_spin_density,90af02170d880284
confirmation,5,1,2,static_only,221006,0,922003,97c0f99961733de4,5f0a0c397e9824cb,confirmation_occ005_path01_phase02_static_only,90af02170d880284
confirmation,5,1,2,mobile_plus_spin_density,221006,326002,922003,97c0f99961733de4,ff4dd6fc6d79d2e5,confirmation_occ005_path01_phase02_mobile_plus_spin_density,90af02170d880284
confirmation,5,1,3,static_only,221006,0,922004,97c0f99961733de4,5f0a0c397e9824cb,confirmation_occ005_path01_phase03_static_only,90af02170d880284
confirmation,5,1,3,mobile_plus_spin_density,221006,326002,922004,97c0f99961733de4,ff4dd6fc6d79d2e5,confirmation_occ005_path01_phase03_mobile_plus_spin_density,90af02170d880284
confirmation,5,2,0,static_only,221006,0,923001,97c0f99961733de4,5f0a0c397e9824cb,confirmation_occ005_path02_phase00_static_only,90af02170d880284
confirmation,5,2,0,mobile_plus_spin_density,221006,326003,923001,97c0f99961733de4,5ea3ffed5d1b0277,confirmation_occ005_path02_phase00_mobile_plus_spin_density,90af02170d880284
confirmation,5,2,1,static_only,221006,0,923002,97c0f99961733de4,5f0a0c397e9824cb,confirmation_occ005_path02_phase01_static_only,90af02170d880284
confirmation,5,2,1,mobile_plus_spin_density,221006,326003,923002,97c0f99961733de4,5ea3ffed5d1b0277,confirmation_occ005_path02_phase01_mobile_plus_spin_density,90af02170d880284
confirmation,5,2,2,static_only,221006,0,923003,97c0f99961733de4,5f0a0c397e9824cb,confirmation_occ005_path02_phase02_static_only,90af02170d880284
confirmation,5,2,2,mobile_plus_spin_density,221006,326003,923003,97c0f99961733de4,5ea3ffed5d1b0277,confirmation_occ005_path02_phase02_mobile_plus_spin_density,90af02170d880284
confirmation,5,2,3,static_only,221006,0,923004,97c0f99961733de4,5f0a0c397e9824cb,confirmation_occ005_path02_phase03_static_only,90af02170d880284
confirmation,5,2,3,mobile_plus_spin_density,221006,326003,923004,97c0f99961733de4,5ea3ffed5d1b0277,confirmation_occ005_path02_phase03_mobile_plus_spin_density,90af02170d880284
confirmation,5,3,0,static_only,221006,0,924001,97c0f99961733de4,5f0a0c397e9824cb,confirmation_occ005_path03_phase00_static_only,90af02170d880284
confirmation,5,3,0,mobile_plus_spin_density,221006,326004,924001,97c0f99961733de4,f54cc0c644679236,confirmation_occ005_path03_phase00_mobile_plus_spin_density,90af02170d880284
confirmation,5,3,1,static_only,221006,0,924002,97c0f99961733de4,5f0a0c397e9824cb,confirmation_occ005_path03_phase01_static_only,90af02170d880284
confirmation,5,3,1,mobile_plus_spin_density,221006,326004,924002,97c0f99961733de4,f54cc0c644679236,confirmation_occ005_path03_phase01_mobile_plus_spin_density,90af02170d880284
confirmation,5,3,2,static_only,221006,0,924003,97c0f99961733de4,5f0a0c397e9824cb,confirmation_occ005_path03_phase02_static_only,90af02170d880284
confirmation,5,3,2,mobile_plus_spin_density,221006,326004,924003,97c0f99961733de4,f54cc0c644679236,confirmation_occ005_path03_phase02_mobile_plus_spin_density,90af02170d880284
confirmation,5,3,3,static_only,221006,0,924004,97c0f99961733de4,5f0a0c397e9824cb,confirmation_occ005_path03_phase03_static_only,90af02170d880284
confirmation,5,3,3,mobile_plus_spin_density,221006,326004,924004,97c0f99961733de4,f54cc0c644679236,confirmation_occ005_path03_phase03_mobile_plus_spin_density,90af02170d880284
confirmation,6,0,0,static_only,221007,0,1021001,b37563fb0612efd5,73ed38992453ff52,confirmation_occ006_path00_phase00_static_only,90af02170d880284
confirmation,6,0,0,mobile_plus_spin_density,221007,327001,1021001,b37563fb0612efd5,db984f6c56303569,confirmation_occ006_path00_phase00_mobile_plus_spin_density,90af02170d880284
confirmation,6,0,1,static_only,221007,0,1021002,b37563fb0612efd5,73ed38992453ff52,confirmation_occ006_path00_phase01_static_only,90af02170d880284
confirmation,6,0,1,mobile_plus_spin_density,221007,327001,1021002,b37563fb0612efd5,db984f6c56303569,confirmation_occ006_path00_phase01_mobile_plus_spin_density,90af02170d880284
confirmation,6,0,2,static_only,221007,0,1021003,b37563fb0612efd5,73ed38992453ff52,confirmation_occ006_path00_phase02_static_only,90af02170d880284
confirmation,6,0,2,mobile_plus_spin_density,221007,327001,1021003,b37563fb0612efd5,db984f6c56303569,confirmation_occ006_path00_phase02_mobile_plus_spin_density,90af02170d880284
confirmation,6,0,3,static_only,221007,0,1021004,b37563fb0612efd5,73ed38992453ff52,confirmation_occ006_path00_phase03_static_only,90af02170d880284
confirmation,6,0,3,mobile_plus_spin_density,221007,327001,1021004,b37563fb0612efd5,db984f6c56303569,confirmation_occ006_path00_phase03_mobile_plus_spin_density,90af02170d880284
confirmation,6,1,0,static_only,221007,0,1022001,b37563fb0612efd5,73ed38992453ff52,confirmation_occ006_path01_phase00_static_only,90af02170d880284
confirmation,6,1,0,mobile_plus_spin_density,221007,327002,1022001,b37563fb0612efd5,f067071cb3ab4501,confirmation_occ006_path01_phase00_mobile_plus_spin_density,90af02170d880284
confirmation,6,1,1,static_only,221007,0,1022002,b37563fb0612efd5,73ed38992453ff52,confirmation_occ006_path01_phase01_static_only,90af02170d880284
confirmation,6,1,1,mobile_plus_spin_density,221007,327002,1022002,b37563fb0612efd5,f067071cb3ab4501,confirmation_occ006_path01_phase01_mobile_plus_spin_density,90af02170d880284
confirmation,6,1,2,static_only,221007,0,1022003,b37563fb0612efd5,73ed38992453ff52,confirmation_occ006_path01_phase02_static_only,90af02170d880284
confirmation,6,1,2,mobile_plus_spin_density,221007,327002,1022003,b37563fb0612efd5,f067071cb3ab4501,confirmation_occ006_path01_phase02_mobile_plus_spin_density,90af02170d880284
confirmation,6,1,3,static_only,221007,0,1022004,b37563fb0612efd5,73ed38992453ff52,confirmation_occ006_path01_phase03_static_only,90af02170d880284
confirmation,6,1,3,mobile_plus_spin_density,221007,327002,1022004,b37563fb0612efd5,f067071cb3ab4501,confirmation_occ006_path01_phase03_mobile_plus_spin_density,90af02170d880284
confirmation,6,2,0,static_only,221007,0,1023001,b37563fb0612efd5,73ed38992453ff52,confirmation_occ006_path02_phase00_static_only,90af02170d880284
confirmation,6,2,0,mobile_plus_spin_density,221007,327003,1023001,b37563fb0612efd5,ece485155d85e071,confirmation_occ006_path02_phase00_mobile_plus_spin_density,90af02170d880284
confirmation,6,2,1,static_only,221007,0,1023002,b37563fb0612efd5,73ed38992453ff52,confirmation_occ006_path02_phase01_static_only,90af02170d880284
confirmation,6,2,1,mobile_plus_spin_density,221007,327003,1023002,b37563fb0612efd5,ece485155d85e071,confirmation_occ006_path02_phase01_mobile_plus_spin_density,90af02170d880284
confirmation,6,2,2,static_only,221007,0,1023003,b37563fb0612efd5,73ed38992453ff52,confirmation_occ006_path02_phase02_static_only,90af02170d880284
confirmation,6,2,2,mobile_plus_spin_density,221007,327003,1023003,b37563fb0612efd5,ece485155d85e071,confirmation_occ006_path02_phase02_mobile_plus_spin_density,90af02170d880284
confirmation,6,2,3,static_only,221007,0,1023004,b37563fb0612efd5,73ed38992453ff52,confirmation_occ006_path02_phase03_static_only,90af02170d880284
confirmation,6,2,3,mobile_plus_spin_density,221007,327003,1023004,b37563fb0612efd5,ece485155d85e071,confirmation_occ006_path02_phase03_mobile_plus_spin_density,90af02170d880284
confirmation,6,3,0,static_only,221007,0,1024001,b37563fb0612efd5,73ed38992453ff52,confirmation_occ006_path03_phase00_static_only,90af02170d880284
confirmation,6,3,0,mobile_plus_spin_density,221007,327004,1024001,b37563fb0612efd5,6bddabcb3f6b6f5f,confirmation_occ006_path03_phase00_mobile_plus_spin_density,90af02170d880284
confirmation,6,3,1,static_only,221007,0,1024002,b37563fb0612efd5,73ed38992453ff52,confirmation_occ006_path03_phase01_static_only,90af02170d880284
confirmation,6,3,1,mobile_plus_spin_density,221007,327004,1024002,b37563fb0612efd5,6bddabcb3f6b6f5f,confirmation_occ006_path03_phase01_mobile_plus_spin_density,90af02170d880284
confirmation,6,3,2,static_only,221007,0,1024003,b37563fb0612efd5,73ed38992453ff52,confirmation_occ006_path03_phase02_static_only,90af02170d880284
confirmation,6,3,2,mobile_plus_spin_density,221007,327004,1024003,b37563fb0612efd5,6bddabcb3f6b6f5f,confirmation_occ006_path03_phase02_mobile_plus_spin_density,90af02170d880284
confirmation,6,3,3,static_only,221007,0,1024004,b37563fb0612efd5,73ed38992453ff52,confirmation_occ006_path03_phase03_static_only,90af02170d880284
confirmation,6,3,3,mobile_plus_spin_density,221007,327004,1024004,b37563fb0612efd5,6bddabcb3f6b6f5f,confirmation_occ006_path03_phase03_mobile_plus_spin_density,90af02170d880284
confirmation,7,0,0,static_only,221008,0,1121001,cd90e896932fe568,2b8623206d6561db,confirmation_occ007_path00_phase00_static_only,90af02170d880284
confirmation,7,0,0,mobile_plus_spin_density,221008,328001,1121001,cd90e896932fe568,a6028bdd1a84688d,confirmation_occ007_path00_phase00_mobile_plus_spin_density,90af02170d880284
confirmation,7,0,1,static_only,221008,0,1121002,cd90e896932fe568,2b8623206d6561db,confirmation_occ007_path00_phase01_static_only,90af02170d880284
confirmation,7,0,1,mobile_plus_spin_density,221008,328001,1121002,cd90e896932fe568,a6028bdd1a84688d,confirmation_occ007_path00_phase01_mobile_plus_spin_density,90af02170d880284
confirmation,7,0,2,static_only,221008,0,1121003,cd90e896932fe568,2b8623206d6561db,confirmation_occ007_path00_phase02_static_only,90af02170d880284
confirmation,7,0,2,mobile_plus_spin_density,221008,328001,1121003,cd90e896932fe568,a6028bdd1a84688d,confirmation_occ007_path00_phase02_mobile_plus_spin_density,90af02170d880284
confirmation,7,0,3,static_only,221008,0,1121004,cd90e896932fe568,2b8623206d6561db,confirmation_occ007_path00_phase03_static_only,90af02170d880284
confirmation,7,0,3,mobile_plus_spin_density,221008,328001,1121004,cd90e896932fe568,a6028bdd1a84688d,confirmation_occ007_path00_phase03_mobile_plus_spin_density,90af02170d880284
confirmation,7,1,0,static_only,221008,0,1122001,cd90e896932fe568,2b8623206d6561db,confirmation_occ007_path01_phase00_static_only,90af02170d880284
confirmation,7,1,0,mobile_plus_spin_density,221008,328002,1122001,cd90e896932fe568,0c85d11d8cf99c76,confirmation_occ007_path01_phase00_mobile_plus_spin_density,90af02170d880284
confirmation,7,1,1,static_only,221008,0,1122002,cd90e896932fe568,2b8623206d6561db,confirmation_occ007_path01_phase01_static_only,90af02170d880284
confirmation,7,1,1,mobile_plus_spin_density,221008,328002,1122002,cd90e896932fe568,0c85d11d8cf99c76,confirmation_occ007_path01_phase01_mobile_plus_spin_density,90af02170d880284
confirmation,7,1,2,static_only,221008,0,1122003,cd90e896932fe568,2b8623206d6561db,confirmation_occ007_path01_phase02_static_only,90af02170d880284
confirmation,7,1,2,mobile_plus_spin_density,221008,328002,1122003,cd90e896932fe568,0c85d11d8cf99c76,confirmation_occ007_path01_phase02_mobile_plus_spin_density,90af02170d880284
confirmation,7,1,3,static_only,221008,0,1122004,cd90e896932fe568,2b8623206d6561db,confirmation_occ007_path01_phase03_static_only,90af02170d880284
confirmation,7,1,3,mobile_plus_spin_density,221008,328002,1122004,cd90e896932fe568,0c85d11d8cf99c76,confirmation_occ007_path01_phase03_mobile_plus_spin_density,90af02170d880284
confirmation,7,2,0,static_only,221008,0,1123001,cd90e896932fe568,2b8623206d6561db,confirmation_occ007_path02_phase00_static_only,90af02170d880284
confirmation,7,2,0,mobile_plus_spin_density,221008,328003,1123001,cd90e896932fe568,251b5b959f9e8bba,confirmation_occ007_path02_phase00_mobile_plus_spin_density,90af02170d880284
confirmation,7,2,1,static_only,221008,0,1123002,cd90e896932fe568,2b8623206d6561db,confirmation_occ007_path02_phase01_static_only,90af02170d880284
confirmation,7,2,1,mobile_plus_spin_density,221008,328003,1123002,cd90e896932fe568,251b5b959f9e8bba,confirmation_occ007_path02_phase01_mobile_plus_spin_density,90af02170d880284
confirmation,7,2,2,static_only,221008,0,1123003,cd90e896932fe568,2b8623206d6561db,confirmation_occ007_path02_phase02_static_only,90af02170d880284
confirmation,7,2,2,mobile_plus_spin_density,221008,328003,1123003,cd90e896932fe568,251b5b959f9e8bba,confirmation_occ007_path02_phase02_mobile_plus_spin_density,90af02170d880284
confirmation,7,2,3,static_only,221008,0,1123004,cd90e896932fe568,2b8623206d6561db,confirmation_occ007_path02_phase03_static_only,90af02170d880284
confirmation,7,2,3,mobile_plus_spin_density,221008,328003,1123004,cd90e896932fe568,251b5b959f9e8bba,confirmation_occ007_path02_phase03_mobile_plus_spin_density,90af02170d880284
confirmation,7,3,0,static_only,221008,0,1124001,cd90e896932fe568,2b8623206d6561db,confirmation_occ007_path03_phase00_static_only,90af02170d880284
confirmation,7,3,0,mobile_plus_spin_density,221008,328004,1124001,cd90e896932fe568,d7758d4047a97429,confirmation_occ007_path03_phase00_mobile_plus_spin_density,90af02170d880284
confirmation,7,3,1,static_only,221008,0,1124002,cd90e896932fe568,2b8623206d6561db,confirmation_occ007_path03_phase01_static_only,90af02170d880284
confirmation,7,3,1,mobile_plus_spin_density,221008,328004,1124002,cd90e896932fe568,d7758d4047a97429,confirmation_occ007_path03_phase01_mobile_plus_spin_density,90af02170d880284
confirmation,7,3,2,static_only,221008,0,1124003,cd90e896932fe568,2b8623206d6561db,confirmation_occ007_path03_phase02_static_only,90af02170d880284
confirmation,7,3,2,mobile_plus_spin_density,221008,328004,1124003,cd90e896932fe568,d7758d4047a97429,confirmation_occ007_path03_phase02_mobile_plus_spin_density,90af02170d880284
confirmation,7,3,3,static_only,221008,0,1124004,cd90e896932fe568,2b8623206d6561db,confirmation_occ007_path03_phase03_static_only,90af02170d880284
confirmation,7,3,3,mobile_plus_spin_density,221008,328004,1124004,cd90e896932fe568,d7758d4047a97429,confirmation_occ007_path03_phase03_mobile_plus_spin_density,90af02170d880284
confirmation,8,0,0,static_only,221009,0,1221001,0a53dffee467c970,ac3318004c79ccfc,confirmation_occ008_path00_phase00_static_only,90af02170d880284
confirmation,8,0,0,mobile_plus_spin_density,221009,329001,1221001,0a53dffee467c970,7a7202d05e73546f,confirmation_occ008_path00_phase00_mobile_plus_spin_density,90af02170d880284
confirmation,8,0,1,static_only,221009,0,1221002,0a53dffee467c970,ac3318004c79ccfc,confirmation_occ008_path00_phase01_static_only,90af02170d880284
confirmation,8,0,1,mobile_plus_spin_density,221009,329001,1221002,0a53dffee467c970,7a7202d05e73546f,confirmation_occ008_path00_phase01_mobile_plus_spin_density,90af02170d880284
confirmation,8,0,2,static_only,221009,0,1221003,0a53dffee467c970,ac3318004c79ccfc,confirmation_occ008_path00_phase02_static_only,90af02170d880284
confirmation,8,0,2,mobile_plus_spin_density,221009,329001,1221003,0a53dffee467c970,7a7202d05e73546f,confirmation_occ008_path00_phase02_mobile_plus_spin_density,90af02170d880284
confirmation,8,0,3,static_only,221009,0,1221004,0a53dffee467c970,ac3318004c79ccfc,confirmation_occ008_path00_phase03_static_only,90af02170d880284
confirmation,8,0,3,mobile_plus_spin_density,221009,329001,1221004,0a53dffee467c970,7a7202d05e73546f,confirmation_occ008_path00_phase03_mobile_plus_spin_density,90af02170d880284
confirmation,8,1,0,static_only,221009,0,1222001,0a53dffee467c970,ac3318004c79ccfc,confirmation_occ008_path01_phase00_static_only,90af02170d880284
confirmation,8,1,0,mobile_plus_spin_density,221009,329002,1222001,0a53dffee467c970,fb1928d25ca889b7,confirmation_occ008_path01_phase00_mobile_plus_spin_density,90af02170d880284
confirmation,8,1,1,static_only,221009,0,1222002,0a53dffee467c970,ac3318004c79ccfc,confirmation_occ008_path01_phase01_static_only,90af02170d880284
confirmation,8,1,1,mobile_plus_spin_density,221009,329002,1222002,0a53dffee467c970,fb1928d25ca889b7,confirmation_occ008_path01_phase01_mobile_plus_spin_density,90af02170d880284
confirmation,8,1,2,static_only,221009,0,1222003,0a53dffee467c970,ac3318004c79ccfc,confirmation_occ008_path01_phase02_static_only,90af02170d880284
confirmation,8,1,2,mobile_plus_spin_density,221009,329002,1222003,0a53dffee467c970,fb1928d25ca889b7,confirmation_occ008_path01_phase02_mobile_plus_spin_density,90af02170d880284
confirmation,8,1,3,static_only,221009,0,1222004,0a53dffee467c970,ac3318004c79ccfc,confirmation_occ008_path01_phase03_static_only,90af02170d880284
confirmation,8,1,3,mobile_plus_spin_density,221009,329002,1222004,0a53dffee467c970,fb1928d25ca889b7,confirmation_occ008_path01_phase03_mobile_plus_spin_density,90af02170d880284
confirmation,8,2,0,static_only,221009,0,1223001,0a53dffee467c970,ac3318004c79ccfc,confirmation_occ008_path02_phase00_static_only,90af02170d880284
confirmation,8,2,0,mobile_plus_spin_density,221009,329003,1223001,0a53dffee467c970,21d443e251c85a8f,confirmation_occ008_path02_phase00_mobile_plus_spin_density,90af02170d880284
confirmation,8,2,1,static_only,221009,0,1223002,0a53dffee467c970,ac3318004c79ccfc,confirmation_occ008_path02_phase01_static_only,90af02170d880284
confirmation,8,2,1,mobile_plus_spin_density,221009,329003,1223002,0a53dffee467c970,21d443e251c85a8f,confirmation_occ008_path02_phase01_mobile_plus_spin_density,90af02170d880284
confirmation,8,2,2,static_only,221009,0,1223003,0a53dffee467c970,ac3318004c79ccfc,confirmation_occ008_path02_phase02_static_only,90af02170d880284
confirmation,8,2,2,mobile_plus_spin_density,221009,329003,1223003,0a53dffee467c970,21d443e251c85a8f,confirmation_occ008_path02_phase02_mobile_plus_spin_density,90af02170d880284
confirmation,8,2,3,static_only,221009,0,1223004,0a53dffee467c970,ac3318004c79ccfc,confirmation_occ008_path02_phase03_static_only,90af02170d880284
confirmation,8,2,3,mobile_plus_spin_density,221009,329003,1223004,0a53dffee467c970,21d443e251c85a8f,confirmation_occ008_path02_phase03_mobile_plus_spin_density,90af02170d880284
confirmation,8,3,0,static_only,221009,0,1224001,0a53dffee467c970,ac3318004c79ccfc,confirmation_occ008_path03_phase00_static_only,90af02170d880284
confirmation,8,3,0,mobile_plus_spin_density,221009,329004,1224001,0a53dffee467c970,73f21bd06bf16a37,confirmation_occ008_path03_phase00_mobile_plus_spin_density,90af02170d880284
confirmation,8,3,1,static_only,221009,0,1224002,0a53dffee467c970,ac3318004c79ccfc,confirmation_occ008_path03_phase01_static_only,90af02170d880284
confirmation,8,3,1,mobile_plus_spin_density,221009,329004,1224002,0a53dffee467c970,73f21bd06bf16a37,confirmation_occ008_path03_phase01_mobile_plus_spin_density,90af02170d880284
confirmation,8,3,2,static_only,221009,0,1224003,0a53dffee467c970,ac3318004c79ccfc,confirmation_occ008_path03_phase02_static_only,90af02170d880284
confirmation,8,3,2,mobile_plus_spin_density,221009,329004,1224003,0a53dffee467c970,73f21bd06bf16a37,confirmation_occ008_path03_phase02_mobile_plus_spin_density,90af02170d880284
confirmation,8,3,3,static_only,221009,0,1224004,0a53dffee467c970,ac3318004c79ccfc,confirmation_occ008_path03_phase03_static_only,90af02170d880284
confirmation,8,3,3,mobile_plus_spin_density,221009,329004,1224004,0a53dffee467c970,73f21bd06bf16a37,confirmation_occ008_path03_phase03_mobile_plus_spin_density,90af02170d880284
confirmation,9,0,0,static_only,221010,0,1321001,ad41f598fd366099,44d82667c9eeea1e,confirmation_occ009_path00_phase00_static_only,90af02170d880284
confirmation,9,0,0,mobile_plus_spin_density,221010,330001,1321001,ad41f598fd366099,ee523562e6435cc8,confirmation_occ009_path00_phase00_mobile_plus_spin_density,90af02170d880284
confirmation,9,0,1,static_only,221010,0,1321002,ad41f598fd366099,44d82667c9eeea1e,confirmation_occ009_path00_phase01_static_only,90af02170d880284
confirmation,9,0,1,mobile_plus_spin_density,221010,330001,1321002,ad41f598fd366099,ee523562e6435cc8,confirmation_occ009_path00_phase01_mobile_plus_spin_density,90af02170d880284
confirmation,9,0,2,static_only,221010,0,1321003,ad41f598fd366099,44d82667c9eeea1e,confirmation_occ009_path00_phase02_static_only,90af02170d880284
confirmation,9,0,2,mobile_plus_spin_density,221010,330001,1321003,ad41f598fd366099,ee523562e6435cc8,confirmation_occ009_path00_phase02_mobile_plus_spin_density,90af02170d880284
confirmation,9,0,3,static_only,221010,0,1321004,ad41f598fd366099,44d82667c9eeea1e,confirmation_occ009_path00_phase03_static_only,90af02170d880284
confirmation,9,0,3,mobile_plus_spin_density,221010,330001,1321004,ad41f598fd366099,ee523562e6435cc8,confirmation_occ009_path00_phase03_mobile_plus_spin_density,90af02170d880284
confirmation,9,1,0,static_only,221010,0,1322001,ad41f598fd366099,44d82667c9eeea1e,confirmation_occ009_path01_phase00_static_only,90af02170d880284
confirmation,9,1,0,mobile_plus_spin_density,221010,330002,1322001,ad41f598fd366099,564d9b61a9718e17,confirmation_occ009_path01_phase00_mobile_plus_spin_density,90af02170d880284
confirmation,9,1,1,static_only,221010,0,1322002,ad41f598fd366099,44d82667c9eeea1e,confirmation_occ009_path01_phase01_static_only,90af02170d880284
confirmation,9,1,1,mobile_plus_spin_density,221010,330002,1322002,ad41f598fd366099,564d9b61a9718e17,confirmation_occ009_path01_phase01_mobile_plus_spin_density,90af02170d880284
confirmation,9,1,2,static_only,221010,0,1322003,ad41f598fd366099,44d82667c9eeea1e,confirmation_occ009_path01_phase02_static_only,90af02170d880284
confirmation,9,1,2,mobile_plus_spin_density,221010,330002,1322003,ad41f598fd366099,564d9b61a9718e17,confirmation_occ009_path01_phase02_mobile_plus_spin_density,90af02170d880284
confirmation,9,1,3,static_only,221010,0,1322004,ad41f598fd366099,44d82667c9eeea1e,confirmation_occ009_path01_phase03_static_only,90af02170d880284
confirmation,9,1,3,mobile_plus_spin_density,221010,330002,1322004,ad41f598fd366099,564d9b61a9718e17,confirmation_occ009_path01_phase03_mobile_plus_spin_density,90af02170d880284
confirmation,9,2,0,static_only,221010,0,1323001,ad41f598fd366099,44d82667c9eeea1e,confirmation_occ009_path02_phase00_static_only,90af02170d880284
confirmation,9,2,0,mobile_plus_spin_density,221010,330003,1323001,ad41f598fd366099,31ca93ff3e370e95,confirmation_occ009_path02_phase00_mobile_plus_spin_density,90af02170d880284
confirmation,9,2,1,static_only,221010,0,1323002,ad41f598fd366099,44d82667c9eeea1e,confirmation_occ009_path02_phase01_static_only,90af02170d880284
confirmation,9,2,1,mobile_plus_spin_density,221010,330003,1323002,ad41f598fd366099,31ca93ff3e370e95,confirmation_occ009_path02_phase01_mobile_plus_spin_density,90af02170d880284
confirmation,9,2,2,static_only,221010,0,1323003,ad41f598fd366099,44d82667c9eeea1e,confirmation_occ009_path02_phase02_static_only,90af02170d880284
confirmation,9,2,2,mobile_plus_spin_density,221010,330003,1323003,ad41f598fd366099,31ca93ff3e370e95,confirmation_occ009_path02_phase02_mobile_plus_spin_density,90af02170d880284
confirmation,9,2,3,static_only,221010,0,1323004,ad41f598fd366099,44d82667c9eeea1e,confirmation_occ009_path02_phase03_static_only,90af02170d880284
confirmation,9,2,3,mobile_plus_spin_density,221010,330003,1323004,ad41f598fd366099,31ca93ff3e370e95,confirmation_occ009_path02_phase03_mobile_plus_spin_density,90af02170d880284
confirmation,9,3,0,static_only,221010,0,1324001,ad41f598fd366099,44d82667c9eeea1e,confirmation_occ009_path03_phase00_static_only,90af02170d880284
confirmation,9,3,0,mobile_plus_spin_density,221010,330004,1324001,ad41f598fd366099,d148cb3f629152b8,confirmation_occ009_path03_phase00_mobile_plus_spin_density,90af02170d880284
confirmation,9,3,1,static_only,221010,0,1324002,ad41f598fd366099,44d82667c9eeea1e,confirmation_occ009_path03_phase01_static_only,90af02170d880284
confirmation,9,3,1,mobile_plus_spin_density,221010,330004,1324002,ad41f598fd366099,d148cb3f629152b8,confirmation_occ009_path03_phase01_mobile_plus_spin_density,90af02170d880284
confirmation,9,3,2,static_only,221010,0,1324003,ad41f598fd366099,44d82667c9eeea1e,confirmation_occ009_path03_phase02_static_only,90af02170d880284
confirmation,9,3,2,mobile_plus_spin_density,221010,330004,1324003,ad41f598fd366099,d148cb3f629152b8,confirmation_occ009_path03_phase02_mobile_plus_spin_density,90af02170d880284
confirmation,9,3,3,static_only,221010,0,1324004,ad41f598fd366099,44d82667c9eeea1e,confirmation_occ009_path03_phase03_static_only,90af02170d880284
confirmation,9,3,3,mobile_plus_spin_density,221010,330004,1324004,ad41f598fd366099,d148cb3f629152b8,confirmation_occ009_path03_phase03_mobile_plus_spin_density,90af02170d880284
confirmation,10,0,0,static_only,221011,0,1421001,5f59abb119722b67,2358d14e31384f4d,confirmation_occ010_path00_phase00_static_only,90af02170d880284
confirmation,10,0,0,mobile_plus_spin_density,221011,331001,1421001,5f59abb119722b67,e4b289733a4bcc6d,confirmation_occ010_path00_phase00_mobile_plus_spin_density,90af02170d880284
confirmation,10,0,1,static_only,221011,0,1421002,5f59abb119722b67,2358d14e31384f4d,confirmation_occ010_path00_phase01_static_only,90af02170d880284
confirmation,10,0,1,mobile_plus_spin_density,221011,331001,1421002,5f59abb119722b67,e4b289733a4bcc6d,confirmation_occ010_path00_phase01_mobile_plus_spin_density,90af02170d880284
confirmation,10,0,2,static_only,221011,0,1421003,5f59abb119722b67,2358d14e31384f4d,confirmation_occ010_path00_phase02_static_only,90af02170d880284
confirmation,10,0,2,mobile_plus_spin_density,221011,331001,1421003,5f59abb119722b67,e4b289733a4bcc6d,confirmation_occ010_path00_phase02_mobile_plus_spin_density,90af02170d880284
confirmation,10,0,3,static_only,221011,0,1421004,5f59abb119722b67,2358d14e31384f4d,confirmation_occ010_path00_phase03_static_only,90af02170d880284
confirmation,10,0,3,mobile_plus_spin_density,221011,331001,1421004,5f59abb119722b67,e4b289733a4bcc6d,confirmation_occ010_path00_phase03_mobile_plus_spin_density,90af02170d880284
confirmation,10,1,0,static_only,221011,0,1422001,5f59abb119722b67,2358d14e31384f4d,confirmation_occ010_path01_phase00_static_only,90af02170d880284
confirmation,10,1,0,mobile_plus_spin_density,221011,331002,1422001,5f59abb119722b67,f5e8287ca01c8336,confirmation_occ010_path01_phase00_mobile_plus_spin_density,90af02170d880284
confirmation,10,1,1,static_only,221011,0,1422002,5f59abb119722b67,2358d14e31384f4d,confirmation_occ010_path01_phase01_static_only,90af02170d880284
confirmation,10,1,1,mobile_plus_spin_density,221011,331002,1422002,5f59abb119722b67,f5e8287ca01c8336,confirmation_occ010_path01_phase01_mobile_plus_spin_density,90af02170d880284
confirmation,10,1,2,static_only,221011,0,1422003,5f59abb119722b67,2358d14e31384f4d,confirmation_occ010_path01_phase02_static_only,90af02170d880284
confirmation,10,1,2,mobile_plus_spin_density,221011,331002,1422003,5f59abb119722b67,f5e8287ca01c8336,confirmation_occ010_path01_phase02_mobile_plus_spin_density,90af02170d880284
confirmation,10,1,3,static_only,221011,0,1422004,5f59abb119722b67,2358d14e31384f4d,confirmation_occ010_path01_phase03_static_only,90af02170d880284
confirmation,10,1,3,mobile_plus_spin_density,221011,331002,1422004,5f59abb119722b67,f5e8287ca01c8336,confirmation_occ010_path01_phase03_mobile_plus_spin_density,90af02170d880284
confirmation,10,2,0,static_only,221011,0,1423001,5f59abb119722b67,2358d14e31384f4d,confirmation_occ010_path02_phase00_static_only,90af02170d880284
confirmation,10,2,0,mobile_plus_spin_density,221011,331003,1423001,5f59abb119722b67,9a25c4794ddc0420,confirmation_occ010_path02_phase00_mobile_plus_spin_density,90af02170d880284
confirmation,10,2,1,static_only,221011,0,1423002,5f59abb119722b67,2358d14e31384f4d,confirmation_occ010_path02_phase01_static_only,90af02170d880284
confirmation,10,2,1,mobile_plus_spin_density,221011,331003,1423002,5f59abb119722b67,9a25c4794ddc0420,confirmation_occ010_path02_phase01_mobile_plus_spin_density,90af02170d880284
confirmation,10,2,2,static_only,221011,0,1423003,5f59abb119722b67,2358d14e31384f4d,confirmation_occ010_path02_phase02_static_only,90af02170d880284
confirmation,10,2,2,mobile_plus_spin_density,221011,331003,1423003,5f59abb119722b67,9a25c4794ddc0420,confirmation_occ010_path02_phase02_mobile_plus_spin_density,90af02170d880284
confirmation,10,2,3,static_only,221011,0,1423004,5f59abb119722b67,2358d14e31384f4d,confirmation_occ010_path02_phase03_static_only,90af02170d880284
confirmation,10,2,3,mobile_plus_spin_density,221011,331003,1423004,5f59abb119722b67,9a25c4794ddc0420,confirmation_occ010_path02_phase03_mobile_plus_spin_density,90af02170d880284
confirmation,10,3,0,static_only,221011,0,1424001,5f59abb119722b67,2358d14e31384f4d,confirmation_occ010_path03_phase00_static_only,90af02170d880284
confirmation,10,3,0,mobile_plus_spin_density,221011,331004,1424001,5f59abb119722b67,d64c21d744953938,confirmation_occ010_path03_phase00_mobile_plus_spin_density,90af02170d880284
confirmation,10,3,1,static_only,221011,0,1424002,5f59abb119722b67,2358d14e31384f4d,confirmation_occ010_path03_phase01_static_only,90af02170d880284
confirmation,10,3,1,mobile_plus_spin_density,221011,331004,1424002,5f59abb119722b67,d64c21d744953938,confirmation_occ010_path03_phase01_mobile_plus_spin_density,90af02170d880284
confirmation,10,3,2,static_only,221011,0,1424003,5f59abb119722b67,2358d14e31384f4d,confirmation_occ010_path03_phase02_static_only,90af02170d880284
confirmation,10,3,2,mobile_plus_spin_density,221011,331004,1424003,5f59abb119722b67,d64c21d744953938,confirmation_occ010_path03_phase02_mobile_plus_spin_density,90af02170d880284
confirmation,10,3,3,static_only,221011,0,1424004,5f59abb119722b67,2358d14e31384f4d,confirmation_occ010_path03_phase03_static_only,90af02170d880284
confirmation,10,3,3,mobile_plus_spin_density,221011,331004,1424004,5f59abb119722b67,d64c21d744953938,confirmation_occ010_path03_phase03_mobile_plus_spin_density,90af02170d880284
confirmation,11,0,0,static_only,221012,0,1521001,65d9e4ce438b8f33,3d269355ed300c69,confirmation_occ011_path00_phase00_static_only,90af02170d880284
confirmation,11,0,0,mobile_plus_spin_density,221012,332001,1521001,65d9e4ce438b8f33,a5928d4b00a7b628,confirmation_occ011_path00_phase00_mobile_plus_spin_density,90af02170d880284
confirmation,11,0,1,static_only,221012,0,1521002,65d9e4ce438b8f33,3d269355ed300c69,confirmation_occ011_path00_phase01_static_only,90af02170d880284
confirmation,11,0,1,mobile_plus_spin_density,221012,332001,1521002,65d9e4ce438b8f33,a5928d4b00a7b628,confirmation_occ011_path00_phase01_mobile_plus_spin_density,90af02170d880284
confirmation,11,0,2,static_only,221012,0,1521003,65d9e4ce438b8f33,3d269355ed300c69,confirmation_occ011_path00_phase02_static_only,90af02170d880284
confirmation,11,0,2,mobile_plus_spin_density,221012,332001,1521003,65d9e4ce438b8f33,a5928d4b00a7b628,confirmation_occ011_path00_phase02_mobile_plus_spin_density,90af02170d880284
confirmation,11,0,3,static_only,221012,0,1521004,65d9e4ce438b8f33,3d269355ed300c69,confirmation_occ011_path00_phase03_static_only,90af02170d880284
confirmation,11,0,3,mobile_plus_spin_density,221012,332001,1521004,65d9e4ce438b8f33,a5928d4b00a7b628,confirmation_occ011_path00_phase03_mobile_plus_spin_density,90af02170d880284
confirmation,11,1,0,static_only,221012,0,1522001,65d9e4ce438b8f33,3d269355ed300c69,confirmation_occ011_path01_phase00_static_only,90af02170d880284
confirmation,11,1,0,mobile_plus_spin_density,221012,332002,1522001,65d9e4ce438b8f33,21c70d37699a0286,confirmation_occ011_path01_phase00_mobile_plus_spin_density,90af02170d880284
confirmation,11,1,1,static_only,221012,0,1522002,65d9e4ce438b8f33,3d269355ed300c69,confirmation_occ011_path01_phase01_static_only,90af02170d880284
confirmation,11,1,1,mobile_plus_spin_density,221012,332002,1522002,65d9e4ce438b8f33,21c70d37699a0286,confirmation_occ011_path01_phase01_mobile_plus_spin_density,90af02170d880284
confirmation,11,1,2,static_only,221012,0,1522003,65d9e4ce438b8f33,3d269355ed300c69,confirmation_occ011_path01_phase02_static_only,90af02170d880284
confirmation,11,1,2,mobile_plus_spin_density,221012,332002,1522003,65d9e4ce438b8f33,21c70d37699a0286,confirmation_occ011_path01_phase02_mobile_plus_spin_density,90af02170d880284
confirmation,11,1,3,static_only,221012,0,1522004,65d9e4ce438b8f33,3d269355ed300c69,confirmation_occ011_path01_phase03_static_only,90af02170d880284
confirmation,11,1,3,mobile_plus_spin_density,221012,332002,1522004,65d9e4ce438b8f33,21c70d37699a0286,confirmation_occ011_path01_phase03_mobile_plus_spin_density,90af02170d880284
confirmation,11,2,0,static_only,221012,0,1523001,65d9e4ce438b8f33,3d269355ed300c69,confirmation_occ011_path02_phase00_static_only,90af02170d880284
confirmation,11,2,0,mobile_plus_spin_density,221012,332003,1523001,65d9e4ce438b8f33,970110a80cf13428,confirmation_occ011_path02_phase00_mobile_plus_spin_density,90af02170d880284
confirmation,11,2,1,static_only,221012,0,1523002,65d9e4ce438b8f33,3d269355ed300c69,confirmation_occ011_path02_phase01_static_only,90af02170d880284
confirmation,11,2,1,mobile_plus_spin_density,221012,332003,1523002,65d9e4ce438b8f33,970110a80cf13428,confirmation_occ011_path02_phase01_mobile_plus_spin_density,90af02170d880284
confirmation,11,2,2,static_only,221012,0,1523003,65d9e4ce438b8f33,3d269355ed300c69,confirmation_occ011_path02_phase02_static_only,90af02170d880284
confirmation,11,2,2,mobile_plus_spin_density,221012,332003,1523003,65d9e4ce438b8f33,970110a80cf13428,confirmation_occ011_path02_phase02_mobile_plus_spin_density,90af02170d880284
confirmation,11,2,3,static_only,221012,0,1523004,65d9e4ce438b8f33,3d269355ed300c69,confirmation_occ011_path02_phase03_static_only,90af02170d880284
confirmation,11,2,3,mobile_plus_spin_density,221012,332003,1523004,65d9e4ce438b8f33,970110a80cf13428,confirmation_occ011_path02_phase03_mobile_plus_spin_density,90af02170d880284
confirmation,11,3,0,static_only,221012,0,1524001,65d9e4ce438b8f33,3d269355ed300c69,confirmation_occ011_path03_phase00_static_only,90af02170d880284
confirmation,11,3,0,mobile_plus_spin_density,221012,332004,1524001,65d9e4ce438b8f33,adf2b36d330cd998,confirmation_occ011_path03_phase00_mobile_plus_spin_density,90af02170d880284
confirmation,11,3,1,static_only,221012,0,1524002,65d9e4ce438b8f33,3d269355ed300c69,confirmation_occ011_path03_phase01_static_only,90af02170d880284
confirmation,11,3,1,mobile_plus_spin_density,221012,332004,1524002,65d9e4ce438b8f33,adf2b36d330cd998,confirmation_occ011_path03_phase01_mobile_plus_spin_density,90af02170d880284
confirmation,11,3,2,static_only,221012,0,1524003,65d9e4ce438b8f33,3d269355ed300c69,confirmation_occ011_path03_phase02_static_only,90af02170d880284
confirmation,11,3,2,mobile_plus_spin_density,221012,332004,1524003,65d9e4ce438b8f33,adf2b36d330cd998,confirmation_occ011_path03_phase02_mobile_plus_spin_density,90af02170d880284
confirmation,11,3,3,static_only,221012,0,1524004,65d9e4ce438b8f33,3d269355ed300c69,confirmation_occ011_path03_phase03_static_only,90af02170d880284
confirmation,11,3,3,mobile_plus_spin_density,221012,332004,1524004,65d9e4ce438b8f33,adf2b36d330cd998,confirmation_occ011_path03_phase03_mobile_plus_spin_density,90af02170d880284
