case_id,occupancy_id,substeps,label,component,maximum_absolute_value,particle_half_bound,overshoot
limit_hopping_zero_chain6,chain6_hole_2,1,static_only,Sx,2.5,2.5,0.0
limit_hopping_zero_chain6,chain6_hole_2,1,static_only,Sy,1.2533377113932431e-16,2.5,0.0
limit_hopping_zero_chain6,chain6_hole_2,1,static_only,Sz,1.1449174941446927e-16,2.5,0.0
limit_hopping_zero_chain6,chain6_hole_2,2,static_only,Sx,2.5,2.5,0.0
limit_hopping_zero_chain6,chain6_hole_2,2,static_only,Sy,1.3964523981613297e-16,2.5,0.0
limit_hopping_zero_chain6,chain6_hole_2,2,static_only,Sz,1.97758476261356e-16,2.5,0.0
limit_hopping_zero_chain6,chain6_hole_2,4,static_only,Sx,2.5,2.5,0.0
limit_hopping_zero_chain6,chain6_hole_2,4,static_only,Sy,1.6783449630075609e-16,2.5,0.0
limit_hopping_zero_chain6,chain6_hole_2,4,static_only,Sz,9.584347204771859e-17,2.5,0.0
limit_hopping_zero_chain6,chain6_hole_2,1,mobile_only,Sx,2.5,2.5,0.0
limit_hopping_zero_chain6,chain6_hole_2,1,mobile_only,Sy,1.2533377113932431e-16,2.5,0.0
limit_hopping_zero_chain6,chain6_hole_2,1,mobile_only,Sz,1.1449174941446927e-16,2.5,0.0
limit_hopping_zero_chain6,chain6_hole_2,2,mobile_only,Sx,2.5,2.5,0.0
limit_hopping_zero_chain6,chain6_hole_2,2,mobile_only,Sy,1.3964523981613297e-16,2.5,0.0
limit_hopping_zero_chain6,chain6_hole_2,2,mobile_only,Sz,1.97758476261356e-16,2.5,0.0
limit_hopping_zero_chain6,chain6_hole_2,4,mobile_only,Sx,2.5,2.5,0.0
limit_hopping_zero_chain6,chain6_hole_2,4,mobile_only,Sy,1.6783449630075609e-16,2.5,0.0
limit_hopping_zero_chain6,chain6_hole_2,4,mobile_only,Sz,9.584347204771859e-17,2.5,0.0
limit_hopping_zero_chain6,chain6_hole_4,1,static_only,Sx,2.5,2.5,0.0
limit_hopping_zero_chain6,chain6_hole_4,1,static_only,Sy,7.28583859910259e-17,2.5,0.0
limit_hopping_zero_chain6,chain6_hole_4,1,static_only,Sz,4.163336342344337e-17,2.5,0.0
limit_hopping_zero_chain6,chain6_hole_4,2,static_only,Sx,2.5,2.5,0.0
limit_hopping_zero_chain6,chain6_hole_4,2,static_only,Sy,1.0321604682062002e-16,2.5,0.0
limit_hopping_zero_chain6,chain6_hole_4,2,static_only,Sz,4.2934406030425976e-17,2.5,0.0
limit_hopping_zero_chain6,chain6_hole_4,4,static_only,Sx,2.5,2.5,0.0
limit_hopping_zero_chain6,chain6_hole_4,4,static_only,Sy,1.0061396160665481e-16,2.5,0.0
limit_hopping_zero_chain6,chain6_hole_4,4,static_only,Sz,5.204170427930421e-17,2.5,0.0
limit_hopping_zero_chain6,chain6_hole_4,1,mobile_only,Sx,2.5,2.5,0.0
limit_hopping_zero_chain6,chain6_hole_4,1,mobile_only,Sy,7.28583859910259e-17,2.5,0.0
limit_hopping_zero_chain6,chain6_hole_4,1,mobile_only,Sz,4.163336342344337e-17,2.5,0.0
limit_hopping_zero_chain6,chain6_hole_4,2,mobile_only,Sx,2.5,2.5,0.0
limit_hopping_zero_chain6,chain6_hole_4,2,mobile_only,Sy,1.0321604682062002e-16,2.5,0.0
limit_hopping_zero_chain6,chain6_hole_4,2,mobile_only,Sz,4.2934406030425976e-17,2.5,0.0
limit_hopping_zero_chain6,chain6_hole_4,4,mobile_only,Sx,2.5,2.5,0.0
limit_hopping_zero_chain6,chain6_hole_4,4,mobile_only,Sy,1.0061396160665481e-16,2.5,0.0
limit_hopping_zero_chain6,chain6_hole_4,4,mobile_only,Sz,5.204170427930421e-17,2.5,0.0
limit_spin_density_zero_rect2x3,rect2x3_hole_2,1,static_only,Sx,2.5,2.5,0.0
limit_spin_density_zero_rect2x3,rect2x3_hole_2,1,static_only,Sy,9.475926987523309e-17,2.5,0.0
limit_spin_density_zero_rect2x3,rect2x3_hole_2,1,static_only,Sz,9.194034422677078e-17,2.5,0.0
limit_spin_density_zero_rect2x3,rect2x3_hole_2,2,static_only,Sx,2.5,2.5,0.0
limit_spin_density_zero_rect2x3,rect2x3_hole_2,2,static_only,Sy,8.7061434450586e-17,2.5,0.0
limit_spin_density_zero_rect2x3,rect2x3_hole_2,2,static_only,Sz,6.028164079019405e-17,2.5,0.0
limit_spin_density_zero_rect2x3,rect2x3_hole_2,4,static_only,Sx,2.5,2.5,0.0
limit_spin_density_zero_rect2x3,rect2x3_hole_2,4,static_only,Sy,1.499722655090574e-16,2.5,0.0
limit_spin_density_zero_rect2x3,rect2x3_hole_2,4,static_only,Sz,8.413408858487514e-17,2.5,0.0
limit_spin_density_zero_rect2x3,rect2x3_hole_2,1,spin_density_only,Sx,2.5,2.5,0.0
limit_spin_density_zero_rect2x3,rect2x3_hole_2,1,spin_density_only,Sy,9.475926987523309e-17,2.5,0.0
limit_spin_density_zero_rect2x3,rect2x3_hole_2,1,spin_density_only,Sz,9.194034422677078e-17,2.5,0.0
limit_spin_density_zero_rect2x3,rect2x3_hole_2,2,spin_density_only,Sx,2.5,2.5,0.0
limit_spin_density_zero_rect2x3,rect2x3_hole_2,2,spin_density_only,Sy,8.7061434450586e-17,2.5,0.0
limit_spin_density_zero_rect2x3,rect2x3_hole_2,2,spin_density_only,Sz,6.028164079019405e-17,2.5,0.0
limit_spin_density_zero_rect2x3,rect2x3_hole_2,4,spin_density_only,Sx,2.5,2.5,0.0
limit_spin_density_zero_rect2x3,rect2x3_hole_2,4,spin_density_only,Sy,1.499722655090574e-16,2.5,0.0
limit_spin_density_zero_rect2x3,rect2x3_hole_2,4,spin_density_only,Sz,8.413408858487514e-17,2.5,0.0
limit_spin_density_zero_rect2x3,rect2x3_hole_3,1,static_only,Sx,2.5,2.5,0.0
limit_spin_density_zero_rect2x3,rect2x3_hole_3,1,static_only,Sy,9.69276742202041e-17,2.5,0.0
limit_spin_density_zero_rect2x3,rect2x3_hole_3,1,static_only,Sz,8.023096076392733e-17,2.5,0.0
limit_spin_density_zero_rect2x3,rect2x3_hole_3,2,static_only,Sx,2.5,2.5,0.0
limit_spin_density_zero_rect2x3,rect2x3_hole_3,2,static_only,Sy,9.974659986866641e-17,2.5,0.0
limit_spin_density_zero_rect2x3,rect2x3_hole_3,2,static_only,Sz,6.982261990806649e-17,2.5,0.0
limit_spin_density_zero_rect2x3,rect2x3_hole_3,4,static_only,Sx,2.5,2.5,0.0
limit_spin_density_zero_rect2x3,rect2x3_hole_3,4,static_only,Sy,1.1796119636642288e-16,2.5,0.0
limit_spin_density_zero_rect2x3,rect2x3_hole_3,4,static_only,Sz,8.890457814381136e-17,2.5,0.0
limit_spin_density_zero_rect2x3,rect2x3_hole_3,1,spin_density_only,Sx,2.5,2.5,0.0
limit_spin_density_zero_rect2x3,rect2x3_hole_3,1,spin_density_only,Sy,9.69276742202041e-17,2.5,0.0
limit_spin_density_zero_rect2x3,rect2x3_hole_3,1,spin_density_only,Sz,8.023096076392733e-17,2.5,0.0
limit_spin_density_zero_rect2x3,rect2x3_hole_3,2,spin_density_only,Sx,2.5,2.5,0.0
limit_spin_density_zero_rect2x3,rect2x3_hole_3,2,spin_density_only,Sy,9.974659986866641e-17,2.5,0.0
limit_spin_density_zero_rect2x3,rect2x3_hole_3,2,spin_density_only,Sz,6.982261990806649e-17,2.5,0.0
limit_spin_density_zero_rect2x3,rect2x3_hole_3,4,spin_density_only,Sx,2.5,2.5,0.0
limit_spin_density_zero_rect2x3,rect2x3_hole_3,4,spin_density_only,Sy,1.1796119636642288e-16,2.5,0.0
limit_spin_density_zero_rect2x3,rect2x3_hole_3,4,spin_density_only,Sz,8.890457814381136e-17,2.5,0.0
